age30_USGpct,age30_ASTpct,age30_3PAr,age30_TSpct,age30_BPM,age30_WS_48,age30_MP,age30_PER,delta_USGpct_31,delta_ASTpct_31,delta_3PAr_31,delta_TSpct_31,delta_BPM_31,delta_WS_48_31,delta_MP_31,delta_PER_31,delta_USGpct_32,delta_ASTpct_32,delta_3PAr_32,delta_TSpct_32,delta_BPM_32,delta_WS_48_32,delta_MP_32,delta_PER_32,delta_USGpct_33,delta_ASTpct_33,delta_3PAr_33,delta_TSpct_33,delta_BPM_33,delta_WS_48_33,delta_MP_33,delta_PER_33,seasons_at_30,career_high_USG,career_avg_BPM,position_code,total_3PAr_change,total_USGpct_change,total_TSpct_change,total_ASTpct_change,adaptation_velocity_USG,adaptation_velocity_3PAr,Player,adaptability_tier
10.0,2.8,0.0,0.524,-0.6,0.075,1824.0,10.3,,,,,,,,,1.8000000000000007,0.6000000000000001,0.0,-0.06,-1.4,0.0050000000000000044,-1050.0,-0.40000000000000036,,,,,,,,,2,10.4,0.4,5,,,,,,,Adonal Foyle,0
14.1,12.6,0.056,0.419,0.3,0.095,667.0,10.7,-4.1,-1.799999999999999,-0.046,0.10200000000000004,1.9999999999999998,0.018000000000000002,578.0,0.9000000000000004,-0.7999999999999989,2.5999999999999996,-0.009000000000000001,0.08000000000000002,0.0,0.007999999999999993,-82.0,0.0,,,,,,,,,1,,,3,,,,,,,Adrian Griffin,0
22.3,9.6,0.486,0.527,-1.1,0.06,1665.0,12.3,2.099999999999998,-1.4000000000000004,-0.09399999999999997,0.008000000000000007,0.6000000000000001,0.027999999999999997,96.0,3.0,,,,,,,,,0.3999999999999986,-0.9000000000000004,-0.0030000000000000027,-0.02100000000000002,-3.4999999999999996,-0.024999999999999994,-1154.0,-2.6000000000000014,7,26.8,-1.05,4,-0.0030000000000000027,0.3999999999999986,-0.02100000000000002,-0.9000000000000004,0.13333333333333286,-0.0010000000000000009,Al Harrington,0
35.8,34.9,0.122,0.543,3.5,0.165,3103.0,25.9,-6.4999999999999964,-5.299999999999997,0.027999999999999997,-0.0030000000000000027,-2.7,-0.05700000000000001,-342.0,-6.299999999999997,-9.099999999999998,-7.5,0.05499999999999999,0.02399999999999991,-1.9,-0.0020000000000000018,321.0,-5.0,-10.099999999999998,-11.799999999999997,-0.0030000000000000027,-0.039000000000000035,-4.2,-0.099,-1010.0,-10.099999999999998,2,35.0,4.3,1,-0.0030000000000000027,-10.099999999999998,-0.039000000000000035,-11.799999999999997,-3.366666666666666,-0.0010000000000000009,Allen Iverson,0
19.2,34.3,0.039,0.52,0.5,0.095,2966.0,16.1,3.400000000000002,-2.299999999999997,-0.009999999999999998,0.017000000000000015,1.2,0.036000000000000004,50.0,2.299999999999997,2.6000000000000014,-4.099999999999998,0.011999999999999997,0.028000000000000025,2.3,0.045999999999999985,10.0,2.5,4.600000000000001,-3.9999999999999964,0.048999999999999995,0.010000000000000009,1.1,0.03900000000000001,-466.0,2.0,3,20.0,0.75,1,0.048999999999999995,4.600000000000001,0.010000000000000009,-3.9999999999999964,1.5333333333333339,0.01633333333333333,Andre Miller,1
20.9,8.0,0.424,0.504,-3.4,0.044,1477.0,11.1,-3.5,-0.5999999999999996,0.0020000000000000018,0.03400000000000003,0.3999999999999999,0.023000000000000007,-546.0,-1.0,,,,,,,,,,,,,,,,,6,24.5,-1.22,3,,,,,,,Andres Nocioni,0
22.8,8.8,0.333,0.545,0.9,0.123,2662.0,18.4,3.099999999999998,-1.6000000000000005,-0.08300000000000002,-0.020000000000000018,-0.6000000000000001,0.02099999999999999,399.0,1.9000000000000021,3.099999999999998,0.29999999999999893,-0.11200000000000002,0.0040000000000000036,-0.20000000000000007,0.0030000000000000027,434.0,2.200000000000003,1.0999999999999979,-2.700000000000001,-0.09500000000000003,-0.016000000000000014,-1.4,-0.007999999999999993,-256.0,-1.0999999999999979,3,24.1,-0.6,4,-0.09500000000000003,1.0999999999999979,-0.016000000000000014,-2.700000000000001,0.366666666666666,-0.031666666666666676,Antawn Jamison,1
16.2,26.9,0.109,0.465,-3.8,0.047,589.0,10.6,,,,,,,,,-2.3999999999999986,0.5,0.16200000000000003,0.066,3.1999999999999997,0.045,1371.0,2.200000000000001,-1.8999999999999986,3.0,0.11900000000000001,0.024999999999999967,1.9999999999999998,0.0,1198.0,0.20000000000000107,2,16.4,-4.2,1,0.11900000000000001,-1.8999999999999986,0.024999999999999967,3.0,-0.6333333333333329,0.03966666666666667,Anthony Carter,0
16.5,31.2,0.237,0.526,0.1,0.11,1747.0,14.3,1.8000000000000007,-2.599999999999998,0.020000000000000018,-0.006000000000000005,-0.4,-0.0020000000000000018,234.0,-0.10000000000000142,-0.6999999999999993,-6.300000000000001,-0.023999999999999994,-0.04600000000000004,-4.199999999999999,-0.065,-446.0,-4.4,-3.0,-4.899999999999999,0.025000000000000022,-0.009000000000000008,-3.1,-0.049,-216.0,-3.1000000000000014,1,,,1,0.025000000000000022,-3.0,-0.009000000000000008,-4.899999999999999,-1.0,0.00833333333333334,Anthony Johnson,0
22.3,12.1,0.457,0.462,-3.1,-0.007,1818.0,9.6,0.5,-4.1,0.043999999999999984,-0.007000000000000006,0.20000000000000018,0.011,-926.0,1.8000000000000007,,,,,,,,,,,,,,,,,3,27.2,-0.2,4,,,,,,,Antoine Walker,0
15.4,19.2,0.184,0.55,-1.5,0.111,2283.0,13.7,-1.200000000000001,5.100000000000001,-0.021999999999999992,0.02199999999999991,-1.1,0.0050000000000000044,-522.0,1.3000000000000007,-1.9000000000000004,4.800000000000001,-0.017999999999999988,-0.0010000000000000009,0.30000000000000004,-0.011999999999999997,-122.0,0.0,0.5,7.699999999999999,0.07,-0.014000000000000012,-3.5,-0.043,-1262.0,-1.5999999999999996,2,19.0,1.0,2,0.07,0.5,-0.014000000000000012,7.699999999999999,0.16666666666666666,0.023333333333333334,Antonio Daniels,0
20.3,7.3,0.002,0.542,0.2,0.154,1797.0,17.2,-1.4000000000000021,1.5000000000000009,0.002,-0.02200000000000002,-0.2,-0.025999999999999995,-64.0,-1.6999999999999993,-1.6999999999999993,-0.09999999999999964,-0.002,0.010000000000000009,1.3,0.014000000000000012,-68.0,0.9000000000000021,-5.0,-1.0999999999999996,0.001,-0.031000000000000028,0.9000000000000001,-0.013000000000000012,488.0,-3.0999999999999996,1,,,4,0.001,-5.0,-0.031000000000000028,-1.0999999999999996,-1.6666666666666667,0.0003333333333333333,Antonio McDyess,1
15.3,9.1,0.491,0.618,2.0,0.173,1148.0,15.2,2.5,0.09999999999999964,-0.08100000000000002,-0.15499999999999997,-4.4,-0.08999999999999998,-421.0,-4.299999999999999,,,,,,,,,,,,,,,,,2,18.7,-0.3,4,,,,,,,Austin Croshere,0
24.3,39.6,0.292,0.501,1.5,0.086,2523.0,17.4,0.09999999999999787,1.6000000000000014,0.05299999999999999,0.0050000000000000044,-0.8,-0.0049999999999999906,-874.0,-0.3999999999999986,-3.900000000000002,-3.3999999999999986,0.17000000000000004,-0.043999999999999984,-4.8,-0.072,-1928.0,-7.399999999999999,,,,,,,,,6,28.2,2.88,1,,,,,,,Baron Davis,0
15.2,7.6,0.014,0.459,3.8,0.153,2671.0,17.4,-4.0,0.5999999999999996,-0.005000000000000001,0.04199999999999998,2.0,0.015000000000000013,219.0,0.10000000000000142,-4.6,2.3000000000000007,-0.002,-0.0030000000000000027,1.9000000000000004,-0.007000000000000006,26.0,-2.799999999999999,-5.199999999999999,-0.6999999999999993,-0.003000000000000001,-0.051000000000000045,-2.3,-0.075,-466.0,-5.399999999999999,1,,,5,-0.003000000000000001,-5.199999999999999,-0.051000000000000045,-0.6999999999999993,-1.7333333333333332,-0.0010000000000000002,Ben Wallace,2
23.7,8.9,0.034,0.446,-5.2,-0.009,590.0,8.9,-1.0,1.299999999999999,0.05399999999999999,0.04899999999999999,4.2,0.10099999999999999,972.0,5.5,,,,,,,,,,,,,,,,,3,25.0,0.75,3,,,,,,,Bonzi Wells,0
16.8,20.4,0.067,0.508,-0.1,0.072,1783.0,13.5,1.5,-3.799999999999997,0.056999999999999995,0.050000000000000044,2.7,0.053000000000000005,730.0,3.3000000000000007,1.5999999999999979,-2.5,0.023999999999999994,0.05799999999999994,1.3,0.04500000000000001,317.0,3.1999999999999993,1.3000000000000007,-8.2,0.16,0.02200000000000002,-0.7000000000000001,0.02600000000000001,167.0,-0.5999999999999996,3,18.9,3.65,5,0.16,1.3000000000000007,0.02200000000000002,-8.2,0.43333333333333357,0.05333333333333334,Brad Miller,0
13.5,2.8,0.002,0.588,0.7,0.137,2355.0,16.1,-1.0999999999999996,-0.6999999999999997,0.002,-0.05599999999999994,-1.7,-0.033000000000000015,-1024.0,-4.400000000000002,-0.6999999999999993,-0.19999999999999973,-0.002,-0.06799999999999995,-1.2,-0.023000000000000007,-1209.0,-3.200000000000001,-2.0,1.1,0.003,-0.14699999999999996,-5.3,-0.131,-1193.0,-7.400000000000002,5,17.3,0.275,5,0.003,-2.0,-0.14699999999999996,1.1,-0.6666666666666666,0.001,Brendan Haywood,0
20.3,42.3,0.017,0.478,0.2,0.101,2351.0,17.3,-1.9000000000000021,-4.799999999999997,0.033,0.009000000000000008,-2.6,-0.031,-1078.0,-3.0,-8.100000000000001,-11.199999999999996,0.0009999999999999974,-0.024999999999999967,-3.2,-0.04100000000000001,-677.0,-5.9,-6.800000000000001,-14.199999999999996,0.015,-0.064,-3.6,-0.066,-1413.0,-7.800000000000001,2,18.7,-0.7,1,0.015,-6.800000000000001,-0.064,-14.199999999999996,-2.266666666666667,0.005,Brevin Knight,0
12.4,5.3,0.535,0.558,-1.4,0.105,504.0,7.4,,,,,,,,,,,,,,,,,,,,,,,,,5,17.2,-2.375,5,,,,,,,Brian Scalabrine,0
10.8,5.4,0.0,0.511,-2.8,0.035,1523.0,8.9,3.1999999999999993,-3.0000000000000004,0.015,-0.026000000000000023,0.19999999999999973,0.034,-679.0,2.5,3.6999999999999993,-0.3000000000000007,0.01,-0.03700000000000003,-1.0,-0.011000000000000003,-680.0,1.6999999999999993,,,,,,,,,3,13.0,-1.05,4,,,,,,,Brian Skinner,0
13.9,22.2,0.067,0.529,-2.0,0.113,1585.0,12.3,0.09999999999999964,-6.399999999999999,0.186,-0.0010000000000000009,-1.1,-0.045,-400.0,-3.3000000000000007,,,,,,,,,,,,,,,,,5,22.8,-2.825,1,,,,,,,Carlos Arroyo,0
23.8,11.8,0.001,0.549,2.0,0.187,1948.0,19.7,2.0,1.5999999999999996,0.001,-0.039000000000000035,-2.6,-0.079,598.0,-2.599999999999998,2.5,-0.9000000000000004,0.001,-0.06000000000000005,-5.4,-0.111,193.0,-5.299999999999999,-0.10000000000000142,-1.5,-0.001,-0.03200000000000003,-5.3,-0.125,-256.0,-3.3000000000000007,8,26.9,2.3714285714285714,4,-0.001,-0.10000000000000142,-0.03200000000000003,-1.5,-0.033333333333333805,-0.0003333333333333333,Carlos Boozer,0
25.1,9.1,0.172,0.523,-1.4,0.067,867.0,14.2,-4.700000000000003,-2.3,0.193,-0.02200000000000002,-0.8000000000000003,-0.008000000000000007,1004.0,-2.5,-4.900000000000002,-2.5999999999999996,0.28600000000000003,0.01200000000000001,-0.20000000000000018,0.023999999999999994,1012.0,-1.799999999999999,-5.0,0.5,0.28900000000000003,-0.01100000000000001,-0.7000000000000002,-0.0050000000000000044,552.0,-2.0,7,25.9,1.4000000000000001,3,0.28900000000000003,-5.0,-0.01100000000000001,0.5,-1.6666666666666667,0.09633333333333334,Caron Butler,0
14.8,9.8,0.451,0.486,-1.7,0.06,1611.0,7.9,,,,,,,,,,,,,,,,,,,,,,,,,5,18.3,-1.0,2,,,,,,,Charlie Bell,0
21.5,32.9,0.388,0.591,4.4,0.216,2533.0,21.3,1.5,1.8000000000000043,0.0020000000000000018,0.028000000000000025,1.6999999999999993,0.04100000000000001,-11.0,2.3000000000000007,0.1999999999999993,-4.0,0.017000000000000015,0.0010000000000000009,-1.9000000000000004,-0.04200000000000001,256.0,-2.5,2.8000000000000007,-6.799999999999997,0.034999999999999976,0.010000000000000009,-1.3000000000000003,-0.034,-43.0,-1.1000000000000014,3,22.9,4.25,1,0.034999999999999976,2.8000000000000007,0.010000000000000009,-6.799999999999997,0.9333333333333336,0.011666666666666659,Chauncey Billups,0
13.4,3.2,0.034,0.608,3.4,0.176,1460.0,18.1,-2.5999999999999996,-0.40000000000000036,-0.022000000000000002,0.02300000000000002,-1.2999999999999998,-0.009999999999999981,235.0,-2.3000000000000007,0.09999999999999964,0.7999999999999998,-0.027000000000000003,0.028000000000000025,-0.10000000000000009,0.031,-728.0,0.8999999999999986,,,,,,,,,3,16.4,-0.15000000000000002,5,,,,,,,Chris Andersen,1
17.9,20.6,0.5,0.558,-0.9,0.074,2903.0,13.4,2.3000000000000007,-0.6000000000000014,-0.02200000000000002,-0.03200000000000003,-0.7000000000000001,0.02600000000000001,-1190.0,-0.5,3.5,7.299999999999997,-0.07200000000000001,0.02199999999999991,0.30000000000000004,0.04000000000000001,-839.0,3.9999999999999982,,,,,,,,,1,,,1,,,,,,,Chucky Atkins,0
26.7,13.2,0.056,0.615,-1.0,0.144,2081.0,20.3,1.0,-1.8999999999999986,0.08400000000000002,-0.04200000000000004,-1.7000000000000002,-0.028999999999999984,-680.0,-4.5,0.6999999999999993,-4.899999999999999,0.121,-0.09799999999999998,-4.2,-0.10599999999999998,-1200.0,-6.200000000000001,,,,,,,,,6,27.9,0.05999999999999987,4,,,,,,,Corey Maggette,0
19.8,13.1,0.243,0.519,0.3,0.086,2979.0,13.1,-1.4000000000000021,-1.4000000000000004,0.03600000000000003,0.027000000000000024,-0.7,-0.007999999999999993,-138.0,-0.5999999999999996,-1.3000000000000007,0.0,-0.021999999999999992,-0.0050000000000000044,-1.8,-0.048999999999999995,-277.0,-1.5999999999999996,,,,,,,,,2,21.4,-0.1,3,,,,,,,Cuttino Mobley,0
21.4,9.5,0.182,0.558,-3.1,0.102,589.0,13.7,-5.399999999999999,0.09999999999999964,0.09200000000000003,-0.025000000000000022,1.1,-0.011999999999999997,463.0,-3.3999999999999986,-7.399999999999999,-2.8,0.03900000000000001,-0.07600000000000007,-1.9,-0.076,427.0,-7.299999999999999,,,,,,,,,6,20.1,-3.72,2,,,,,,,Dahntay Jones,0
14.1,12.5,0.16,0.515,-1.2,0.056,1585.0,11.5,-1.299999999999999,-3.1999999999999993,-0.08700000000000001,0.04200000000000004,-0.30000000000000004,0.047999999999999994,-909.0,-0.09999999999999964,-1.6999999999999993,-5.0,-0.04100000000000001,-0.07,-2.7,-0.037000000000000005,-663.0,-4.6,3.299999999999999,0.40000000000000036,0.0010000000000000009,0.018000000000000016,-1.3,0.027000000000000003,-490.0,1.0,6,19.4,-1.52,3,0.0010000000000000009,3.299999999999999,0.018000000000000016,0.40000000000000036,1.0999999999999996,0.00033333333333333365,Damien Wilkins,0
15.9,12.7,0.651,0.525,-2.1,0.097,1173.0,10.2,-1.9000000000000004,2.4000000000000004,0.10899999999999999,0.05699999999999994,-0.10000000000000009,0.010999999999999996,163.0,1.1000000000000014,,,,,,,,,,,,,,,,,3,15.6,0.7,1,,,,,,,Damon Jones,0
15.0,6.5,0.008,0.495,-0.6,0.094,941.0,12.2,,,,,,,,,,,,,,,,,,,,,,,,,5,19.8,-2.625,5,,,,,,,Dan Gadzuric,0
17.1,10.3,0.002,0.57,-1.5,0.076,1521.0,13.9,2.3999999999999986,-2.4000000000000004,0.01,-0.04799999999999993,-1.6,-0.032,-111.0,-2.3000000000000007,,,,,,,,,,,,,,,,,5,21.3,-1.6250000000000002,5,,,,,,,Darius Songaila,0
25.8,12.7,0.009,0.558,2.7,0.152,2451.0,20.4,-4.900000000000002,0.40000000000000036,0.004,-0.027000000000000024,-1.0000000000000002,-0.0050000000000000044,-526.0,-2.599999999999998,-1.4000000000000021,4.100000000000001,0.01,-0.013000000000000012,0.5999999999999996,0.026999999999999996,-16.0,-0.29999999999999716,-3.900000000000002,3.400000000000002,0.007000000000000001,-0.025000000000000022,-0.7000000000000002,0.0050000000000000044,21.0,-2.8999999999999986,7,26.5,-0.09999999999999991,4,0.007000000000000001,-3.900000000000002,-0.025000000000000022,3.400000000000002,-1.3000000000000007,0.0023333333333333335,David West,1
9.4,6.5,0.843,0.413,-4.5,-0.014,960.0,4.3,2.4000000000000004,0.0,-0.04499999999999993,0.10900000000000004,3.0,0.075,198.0,3.8,,,,,,,,,,,,,,,,,8,21.1,-2.942857142857143,3,,,,,,,DeShawn Stevenson,0
18.5,18.9,0.386,0.503,-2.1,0.052,1239.0,11.7,-0.3000000000000007,-3.1999999999999993,0.055999999999999994,-0.007000000000000006,0.6000000000000001,0.022,-192.0,-0.8999999999999986,-3.4000000000000004,-1.2999999999999972,0.131,0.08299999999999996,3.1,0.065,-49.0,2.0,,,,,,,,,1,,,2,,,,,,,Derek Anderson,0
19.4,21.6,0.385,0.519,-1.0,0.08,2222.0,13.4,0.8000000000000007,1.0,-0.05199999999999999,0.017000000000000015,1.5,0.026999999999999996,367.0,1.4000000000000004,-1.1999999999999993,-3.5,-0.154,-0.009000000000000008,-0.6000000000000001,0.0030000000000000027,65.0,-2.0,-0.7999999999999972,-5.700000000000001,-0.030000000000000027,0.03700000000000003,0.7,0.040999999999999995,27.0,0.40000000000000036,1,,,1,-0.030000000000000027,-0.7999999999999972,0.03700000000000003,-5.700000000000001,-0.2666666666666657,-0.010000000000000009,Derek Fisher,1
16.8,11.3,0.0,0.519,-2.6,0.041,1702.0,12.3,-1.1000000000000014,-4.6000000000000005,0.011,-0.063,-2.3000000000000003,-0.053000000000000005,-638.0,-5.200000000000001,,,,,,,,,,,,,,,,,4,23.2,-3.466666666666667,3,,,,,,,Desmond Mason,0
14.0,6.3,0.329,0.437,-2.9,0.039,821.0,7.0,-3.0999999999999996,-3.3,0.20600000000000002,0.04799999999999999,1.0999999999999999,0.0030000000000000027,-113.0,0.0,-1.0,-0.5,0.26799999999999996,0.12300000000000005,2.3,0.045000000000000005,-60.0,4.6,,,,,,,,,3,16.1,-0.7,3,,,,,,,Devean George,0
22.8,10.2,0.31,0.459,-5.0,0.007,869.0,9.7,-3.0,-1.0999999999999996,0.14400000000000002,0.04099999999999998,2.0,0.010000000000000002,191.0,0.3000000000000007,,,,,,,,,,,,,,,,,5,19.6,-1.125,2,,,,,,,Devin Brown,0
30.3,12.1,0.105,0.564,1.2,0.171,3050.0,23.1,-1.5,0.9000000000000004,-0.023999999999999994,0.014000000000000012,1.4000000000000001,0.022999999999999993,-11.0,-0.20000000000000284,-2.1000000000000014,2.0999999999999996,0.03699999999999999,0.04800000000000004,2.5999999999999996,0.04199999999999998,-546.0,0.29999999999999716,-1.1000000000000014,0.5,0.09999999999999999,0.0,0.6000000000000001,0.003999999999999976,-971.0,-1.4000000000000021,5,30.0,5.825,4,0.09999999999999999,-1.1000000000000014,0.0,0.5,-0.36666666666666714,0.03333333333333333,Dirk Nowitzki,2
25.7,16.5,0.084,0.512,1.0,0.116,1469.0,18.8,,,,,,,,,,,,,,,,,-8.7,-7.9,0.13,-0.04300000000000004,-2.6,-0.022000000000000006,-605.0,-6.9,8,24.6,-1.4142857142857144,5,0.13,-8.7,-0.04300000000000004,-7.9,-2.9,0.043333333333333335,Drew Gooden,0
31.3,27.3,0.067,0.559,6.3,0.227,1625.0,26.3,-1.8000000000000007,-0.6999999999999993,-0.007000000000000006,0.0119999999999999,-2.4,-0.035,766.0,-2.3000000000000007,-3.400000000000002,-1.8000000000000007,-0.025,0.028999999999999915,-4.0,-0.07800000000000001,150.0,-4.300000000000001,3.400000000000002,4.800000000000001,0.026999999999999996,-0.025000000000000022,-5.1,-0.14100000000000001,346.0,-4.900000000000002,8,36.2,7.042857142857143,2,0.026999999999999996,3.400000000000002,-0.025000000000000022,4.800000000000001,1.133333333333334,0.009,Dwyane Wade,0
21.6,22.7,0.311,0.548,-1.2,0.105,2031.0,16.2,-2.6000000000000014,3.3000000000000007,-0.05499999999999999,-0.08100000000000002,-5.8999999999999995,-0.104,-1454.0,-6.199999999999999,,,,,,,,,-0.9000000000000021,2.6000000000000014,-0.162,-0.050000000000000044,-3.5,-0.063,-914.0,-3.299999999999999,3,23.8,-1.5,1,-0.162,-0.9000000000000021,-0.050000000000000044,2.6000000000000014,-0.3000000000000007,-0.054,Earl Boykins,0
14.7,25.6,0.351,0.517,-1.5,0.055,2322.0,10.9,-1.299999999999999,0.09999999999999787,-0.0020000000000000018,-0.017000000000000015,-1.1,-0.025,-755.0,-0.7000000000000011,-3.1999999999999993,3.299999999999997,-0.025999999999999968,-0.10400000000000004,0.0,-0.037000000000000005,-1289.0,-1.4000000000000004,-3.6999999999999993,6.199999999999999,-0.11799999999999997,-0.15100000000000002,-3.0,-0.054,-1493.0,-3.2,6,20.4,-1.86,1,-0.11799999999999997,-3.6999999999999993,-0.15100000000000002,6.199999999999999,-1.2333333333333332,-0.039333333333333324,Earl Watson,0
20.1,10.3,0.607,0.592,2.0,0.158,1479.0,15.4,-0.10000000000000142,0.6999999999999993,-0.10799999999999998,-0.09699999999999998,-5.2,-0.11599999999999999,-262.0,-4.9,-2.5,-0.3000000000000007,-0.061999999999999944,-0.05699999999999994,-3.2,-0.05,-501.0,-3.5,,,,,,,,,5,26.9,-1.2500000000000002,1,,,,,,,Eddie House,0
12.0,5.7,0.034,0.609,1.8,0.138,1658.0,13.5,-0.09999999999999964,2.0999999999999996,0.365,-0.039000000000000035,-0.40000000000000013,-0.020000000000000018,6.0,-1.4000000000000004,,,,,,,,,0.1999999999999993,0.7999999999999998,0.404,-0.10799999999999998,-3.1,-0.08000000000000002,-973.0,-5.1,3,15.8,-1.05,4,0.404,0.1999999999999993,-0.10799999999999998,0.7999999999999998,0.06666666666666643,0.13466666666666668,Eduardo Najera,0
21.7,7.9,0.001,0.518,-1.1,0.073,2297.0,15.7,-2.0,-0.8000000000000007,0.0,0.03500000000000003,3.5,0.08800000000000001,512.0,2.8000000000000007,-2.8000000000000007,1.299999999999999,0.001,0.0030000000000000027,4.0,0.09500000000000001,-565.0,2.3000000000000007,-4.5,-0.8000000000000007,0.001,-0.019000000000000017,1.5,0.034,-770.0,-0.5,5,27.7,3.25,4,0.001,-4.5,-0.019000000000000017,-0.8000000000000007,-1.5,0.0003333333333333333,Elton Brand,0
13.4,4.0,0.0,0.531,1.0,0.119,1934.0,13.9,-0.5999999999999996,-0.5,0.0,0.11099999999999999,1.0,0.04100000000000001,-19.0,1.0,-2.200000000000001,1.4000000000000004,0.0,0.11399999999999999,2.4,0.04600000000000001,-179.0,1.4000000000000004,-3.0,2.0999999999999996,0.0,0.133,1.9,0.04200000000000001,-98.0,1.799999999999999,2,15.8,0.8,5,0.0,-3.0,0.133,2.0999999999999996,-1.0,0.0,Erick Dampier,0
14.4,6.4,0.007,0.552,-0.3,0.111,1332.0,11.2,2.5999999999999996,-1.8000000000000007,-0.003,-0.13600000000000007,-6.2,-0.112,-519.0,-4.299999999999999,-3.5999999999999996,-1.6000000000000005,0.017,-0.015000000000000013,0.4,-0.022000000000000006,-355.0,-0.8999999999999986,,,,,,,,,3,13.8,-1.15,5,,,,,,,Francisco Elson,0
14.4,5.8,0.572,0.483,-1.2,0.048,798.0,10.7,0.29999999999999893,3.3999999999999995,0.025000000000000022,0.03600000000000003,0.7999999999999999,0.010999999999999996,231.0,0.3000000000000007,-0.9000000000000004,2.8,0.08400000000000007,0.038000000000000034,1.0,0.03,285.0,-1.3999999999999986,,,,,,,,,7,20.7,-0.3,3,,,,,,,Francisco Garcia,0
19.7,11.0,0.328,0.518,-3.5,0.029,831.0,9.8,,,,,,,,,,,,,,,,,,,,,,,,,4,22.8,-3.6999999999999997,2,,,,,,,Gordan Giricek,0
12.0,7.6,0.344,0.486,-0.4,0.076,1372.0,7.8,1.5,3.200000000000001,0.08300000000000002,0.0030000000000000027,-2.8000000000000003,-0.068,-852.0,-0.5999999999999996,-0.9000000000000004,2.3000000000000007,-0.022999999999999965,-0.02999999999999997,-2.8000000000000003,-0.056999999999999995,-494.0,-1.5,,,,,,,,,3,12.6,2.2,2,,,,,,,Greg Buckner,0
18.1,19.5,0.429,0.54,1.0,0.071,2272.0,13.3,-1.4000000000000021,2.0,0.0,0.015000000000000013,1.7000000000000002,0.05800000000000001,268.0,0.09999999999999964,1.3999999999999986,4.600000000000001,0.08300000000000002,-0.01200000000000001,-0.9,-0.010999999999999996,-619.0,-1.6000000000000014,,,,,,,,,6,24.8,1.6,3,,,,,,,Hedo Turkoglu,0
16.7,7.7,0.44,0.528,0.2,0.102,1316.0,11.5,-0.5,0.20000000000000018,-0.0040000000000000036,-0.05800000000000005,-2.3000000000000003,-0.04399999999999999,-281.0,-2.0,-2.299999999999999,1.1000000000000005,-0.062,-0.05800000000000005,-2.9000000000000004,-0.06099999999999999,-372.0,-1.9000000000000004,,,,,,,,,2,13.7,1.7,4,,,,,,,Ime Udoka,0
12.7,7.6,0.125,0.482,-2.3,0.05,1832.0,8.6,,,,,,,,,,,,,,,,,1.5,-3.5999999999999996,0.15699999999999997,0.025000000000000022,-1.0,0.010999999999999996,-1134.0,1.0999999999999996,1,,,2,0.15699999999999997,1.5,0.025000000000000022,-3.5999999999999996,0.5,0.05233333333333332,Ira Newble,0
12.7,16.2,0.024,0.488,-4.6,0.06,1234.0,7.5,2.0,9.7,-0.012,0.0030000000000000027,1.3999999999999995,0.047,-474.0,3.4000000000000004,2.9000000000000004,5.699999999999999,0.011000000000000003,-0.007000000000000006,-0.20000000000000018,0.009000000000000008,-95.0,1.6999999999999993,,,,,,,,,2,14.2,-4.5,2,,,,,,,Jacque Vaughn,0
12.5,4.6,0.0,0.505,-3.4,0.089,709.0,10.6,,,,,,,,,,,,,,,,,,,,,,,,,4,22.5,-4.3,5,,,,,,,Jamaal Magloire,0
23.4,17.7,0.399,0.545,-2.0,0.071,2297.0,14.2,3.200000000000003,2.8000000000000007,-0.04600000000000004,-0.039000000000000035,0.30000000000000004,-0.001999999999999988,-684.0,1.5,2.6000000000000014,-3.299999999999999,-0.009000000000000008,0.013000000000000012,1.4,0.04500000000000001,-67.0,2.6000000000000014,3.8000000000000007,-0.3000000000000007,0.04199999999999998,0.01100000000000001,2.2,0.051000000000000004,-203.0,3.1000000000000014,7,25.8,-0.033333333333333326,2,0.04199999999999998,3.8000000000000007,0.01100000000000001,-0.3000000000000007,1.2666666666666668,0.013999999999999993,Jamal Crawford,1
12.0,7.8,0.496,0.499,-1.9,0.05,1042.0,10.1,,,,,,,,,,,,,,,,,,,,,,,,,4,14.4,1.6666666666666667,3,,,,,,,Jamario Moon,0
12.0,4.1,0.829,0.629,0.9,0.145,1549.0,11.1,0.09999999999999964,0.10000000000000053,-0.06899999999999995,-0.062000000000000055,-1.9,-0.024999999999999994,-883.0,-1.4000000000000004,,,,,,,,,,,,,,,,,7,16.9,-0.85,3,,,,,,,James Jones,0
13.1,7.7,0.6,0.579,1.8,0.13,1919.0,12.7,0.40000000000000036,1.7999999999999998,0.07400000000000007,0.008000000000000007,1.0999999999999999,0.034,-98.0,-0.6999999999999993,1.9000000000000004,-1.7000000000000002,-0.0010000000000000009,-0.01100000000000001,-2.1,-0.035,221.0,-1.8999999999999986,-1.6999999999999993,1.6000000000000005,0.10099999999999998,-0.05399999999999994,-2.5,-0.063,-188.0,-4.0,3,16.2,0.95,3,0.10099999999999998,-1.6999999999999993,-0.05399999999999994,1.6000000000000005,-0.5666666666666664,0.03366666666666666,James Posey,0
24.4,17.5,0.362,0.429,-5.6,-0.015,829.0,8.9,,,,,,,,,-2.599999999999998,6.600000000000001,0.18300000000000005,0.11000000000000004,4.5,0.11,-158.0,4.699999999999999,-1.0999999999999979,5.300000000000001,0.18500000000000005,0.045999999999999985,0.5999999999999996,-0.0020000000000000018,-322.0,1.4000000000000004,4,25.3,-3.1333333333333333,1,0.18500000000000005,-1.0999999999999979,0.045999999999999985,5.300000000000001,-0.366666666666666,0.06166666666666668,Jannero Pargo,0
12.6,5.4,0.111,0.484,0.4,0.109,729.0,10.9,,,,,,,,,,,,,,,,,,,,,,,,,8,13.6,-0.32857142857142857,4,,,,,,,Jared Jeffries,0
20.6,9.2,0.454,0.555,2.2,0.123,2715.0,15.0,-0.40000000000000213,2.8000000000000007,0.01100000000000001,-0.05300000000000005,-1.6,-0.03899999999999999,-1124.0,-1.6999999999999993,-2.1000000000000014,-0.5999999999999996,0.04299999999999998,-0.06000000000000005,-2.8000000000000003,-0.05299999999999999,-1779.0,-2.4000000000000004,,,,,,,,,7,27.6,2.016666666666666,2,,,,,,,Jason Richardson,0
21.7,17.5,0.36,0.574,2.7,0.16,2579.0,17.8,3.8000000000000007,0.10000000000000142,0.030000000000000027,-0.0030000000000000027,-0.20000000000000018,-0.01999999999999999,-88.0,1.5,1.3000000000000007,1.3000000000000007,-0.0020000000000000018,-0.02199999999999991,-1.9000000000000001,-0.037000000000000005,-39.0,-1.3000000000000007,3.0,4.699999999999999,-0.03799999999999998,-0.028999999999999915,-2.1,-0.06,-15.0,-1.9000000000000004,4,22.2,3.2000000000000006,2,-0.03799999999999998,3.0,-0.028999999999999915,4.699999999999999,1.0,-0.01266666666666666,Jason Terry,1
18.5,24.5,0.475,0.561,0.4,0.124,1874.0,15.0,-0.3000000000000007,3.8000000000000007,0.04300000000000004,-0.02100000000000002,-0.7,-0.013999999999999999,-9.0,0.0,-1.5,2.8000000000000007,0.025000000000000022,-0.05900000000000005,-2.6,-0.07200000000000001,12.0,-2.3000000000000007,,,,,,,,,2,19.8,-0.5,1,,,,,,,Jason Williams,0
9.9,5.0,0.004,0.513,0.9,0.124,1740.0,13.0,1.5999999999999996,5.1,0.004,0.05499999999999994,1.6,0.04100000000000001,144.0,2.6999999999999993,2.0999999999999996,4.9,0.016,0.029000000000000026,0.7000000000000001,-0.012999999999999998,88.0,0.0,,,,,,,,,3,13.3,1.3,5,,,,,,,Jeff Foster,0
18.8,24.1,0.289,0.495,-2.5,0.074,2651.0,12.4,,,,,,,,,-3.5,3.599999999999998,-0.245,-0.07200000000000001,-4.0,-0.078,-1949.0,-4.7,-7.800000000000001,-0.7000000000000028,-0.21299999999999997,-0.033999999999999975,-3.5999999999999996,-0.072,-1241.0,-5.9,1,,,1,-0.21299999999999997,-7.800000000000001,-0.033999999999999975,-0.7000000000000028,-2.6,-0.071,Jeff McInnis,0
23.2,10.3,0.001,0.522,-1.1,0.06,2027.0,15.4,-0.3000000000000007,-1.9000000000000004,0.002,0.040999999999999925,1.1,0.07500000000000001,-36.0,2.4999999999999982,,,,,,,,,-10.2,-7.6000000000000005,-0.001,-0.05399999999999999,-0.5999999999999999,0.031,-1457.0,-6.0,5,36.2,-0.07500000000000007,5,-0.001,-10.2,-0.05399999999999999,-7.6000000000000005,-3.4,-0.0003333333333333333,Jermaine O'Neal,0
24.9,13.0,0.181,0.525,-1.0,0.103,1617.0,15.9,0.3000000000000007,5.0,0.035,-0.014000000000000012,-0.8,-0.026999999999999996,-92.0,-1.4000000000000004,0.10000000000000142,6.699999999999999,0.067,0.01200000000000001,1.1,0.019000000000000003,-2.0,0.9000000000000004,-2.5,3.6999999999999993,0.16899999999999998,-0.0020000000000000018,-0.30000000000000004,-0.025999999999999995,-205.0,-2.5999999999999996,1,,,2,0.16899999999999998,-2.5,-0.0020000000000000018,3.6999999999999993,-0.8333333333333334,0.056333333333333326,Jerry Stackhouse,0
24.9,19.7,0.346,0.557,2.1,0.145,2127.0,18.4,-3.1999999999999993,-3.0,0.029000000000000026,-0.03600000000000003,-1.8,-0.05299999999999999,515.0,-4.299999999999999,-2.599999999999998,-4.699999999999999,0.051000000000000045,0.006999999999999895,-2.2,-0.05399999999999999,448.0,-2.8999999999999986,-4.599999999999998,-2.599999999999998,-0.01699999999999996,-0.03400000000000003,-1.9000000000000001,-0.07499999999999998,664.0,-4.299999999999999,8,28.3,1.342857142857143,2,-0.01699999999999996,-4.599999999999998,-0.03400000000000003,-2.599999999999998,-1.5333333333333325,-0.005666666666666653,Joe Johnson,0
20.4,6.0,0.007,0.533,-2.1,0.123,887.0,16.1,-1.5,-0.5999999999999996,0.003,-0.02300000000000002,-0.7999999999999998,-0.035,616.0,-2.200000000000001,0.6000000000000014,0.7000000000000002,-0.002,-0.009000000000000008,0.0,-0.007999999999999993,839.0,0.0,-4.199999999999999,0.0,0.014000000000000002,-0.026000000000000023,0.20000000000000018,-0.0050000000000000044,215.0,-2.3000000000000007,2,16.1,-0.2,4,0.014000000000000002,-4.199999999999999,-0.026000000000000023,0.0,-1.3999999999999997,0.004666666666666667,Joe Smith,0
10.3,1.7,0.0,0.567,-1.9,0.101,681.0,11.2,-2.6000000000000005,1.9000000000000001,0.0,0.006000000000000005,-2.8000000000000003,-0.05500000000000001,-162.0,-4.999999999999999,,,,,,,,,,,,,,,,,6,13.0,0.019999999999999997,5,,,,,,,Joel Przybilla,0
19.9,12.9,0.312,0.553,1.0,0.121,2824.0,14.7,1.0,4.6,-0.068,-0.04300000000000004,-1.2,-0.039999999999999994,-270.0,-1.8999999999999986,-5.699999999999999,-1.8000000000000007,0.013000000000000012,-0.08200000000000007,-3.9,-0.107,-1574.0,-5.699999999999999,-5.399999999999999,1.9000000000000004,0.124,-0.04400000000000004,-2.8,-0.087,-546.0,-4.5,6,21.3,-1.2799999999999998,2,0.124,-5.399999999999999,-0.04400000000000004,1.9000000000000004,-1.7999999999999996,0.04133333333333333,John Salmons,0
16.0,44.2,0.333,0.547,-0.4,0.136,1799.0,16.7,1.0,-4.400000000000006,0.11099999999999999,0.06899999999999995,0.8,0.028999999999999998,361.0,2.1000000000000014,0.1999999999999993,-21.800000000000004,0.23499999999999993,0.04899999999999993,1.7000000000000002,-0.014000000000000012,669.0,-1.5,0.10000000000000142,-18.6,0.068,-0.028000000000000025,-2.8000000000000003,-0.10300000000000001,-529.0,-5.399999999999999,7,19.5,-0.36666666666666664,1,0.068,0.10000000000000142,-0.028000000000000025,-18.6,0.033333333333333805,0.02266666666666667,Jose Calderon,0
19.1,22.7,0.293,0.478,-5.6,-0.031,816.0,9.3,,,,,,,,,,,,,,,,,,,,,,,,,5,25.2,-2.5,1,,,,,,,Juan Dixon,0
11.4,10.1,0.772,0.559,0.0,0.118,1461.0,9.0,,,,,,,,,-0.20000000000000107,-2.0,0.09099999999999997,-0.026000000000000023,-1.3,-0.071,-53.0,-2.3,,,,,,,,,7,22.0,-0.6333333333333334,2,,,,,,,Keith Bogans,0
21.8,5.7,0.351,0.54,-1.5,0.101,1090.0,13.8,,,,,,,,,,,,,,,,,,,,,,,,,2,21.5,-0.2,3,,,,,,,Keith Van,0
12.1,3.9,0.0,0.6,0.7,0.137,1525.0,14.9,,,,,,,,,,,,,,,,,,,,,,,,,1,,,5,,,,,,,Kelvin Cato,0
17.4,6.3,0.016,0.553,0.1,0.111,2159.0,14.7,0.3000000000000007,3.7,0.043,-0.030000000000000027,0.8,-0.021000000000000005,-48.0,-1.0999999999999996,0.10000000000000142,2.2,0.031,-0.07200000000000006,0.1,-0.032,-173.0,-1.299999999999999,-1.0,7.3,0.009000000000000001,-0.027000000000000024,1.7,-0.007000000000000006,-926.0,-0.5999999999999996,3,23.4,0.7000000000000001,4,0.009000000000000001,-1.0,-0.027000000000000024,7.3,-0.3333333333333333,0.0030000000000000005,Kenyon Martin,0
27.4,19.5,0.042,0.546,5.0,0.171,2995.0,24.1,-1.8999999999999986,0.3999999999999986,-0.031000000000000003,0.041999999999999926,2.4000000000000004,0.094,-667.0,1.1999999999999993,-4.0,-4.800000000000001,-0.031000000000000003,0.016999999999999904,-1.0,0.021999999999999992,-1223.0,-2.900000000000002,-5.299999999999997,-3.8000000000000007,-0.036000000000000004,0.02299999999999991,-2.4,0.0,-935.0,-4.700000000000003,3,27.1,8.8,4,-0.036000000000000004,-5.299999999999997,0.02299999999999991,-3.8000000000000007,-1.7666666666666657,-0.012000000000000002,Kevin Garnett,2
17.3,23.4,0.451,0.509,-2.2,0.08,1757.0,11.3,-2.0,-11.299999999999999,0.045999999999999985,0.006000000000000005,-1.6999999999999997,-0.038,-1095.0,-4.4,,,,,,,,,,,,,,,,,7,22.5,-2.75,1,,,,,,,Keyon Dooling,0
16.7,21.1,0.302,0.543,-1.5,0.068,2157.0,12.3,-2.799999999999999,-4.800000000000001,0.15900000000000003,-0.03200000000000003,0.10000000000000009,0.0010000000000000009,-920.0,-3.1000000000000014,-2.0,6.399999999999999,0.129,-0.050000000000000044,0.30000000000000004,0.017,-393.0,-1.5,0.6000000000000014,1.5,0.08900000000000002,-0.049000000000000044,0.7,0.017,-41.0,-1.5,7,22.3,1.2833333333333334,2,0.08900000000000002,0.6000000000000014,-0.049000000000000044,1.5,0.20000000000000048,0.029666666666666675,Kirk Hinrich,0
32.2,23.8,0.196,0.561,4.5,0.206,2960.0,24.4,0.09999999999999432,0.0,-0.0040000000000000036,-0.016000000000000014,-0.8999999999999999,-0.045999999999999985,-125.0,-2.5,2.8999999999999986,2.8999999999999986,0.02099999999999999,-0.013000000000000012,-0.7000000000000002,-0.027999999999999997,-181.0,-0.5,3.5,-0.10000000000000142,0.01899999999999999,-0.03400000000000003,-2.2,-0.07399999999999998,-728.0,-2.5,5,38.7,5.125,2,0.01899999999999999,3.5,-0.03400000000000003,-0.10000000000000142,1.1666666666666667,0.00633333333333333,Kobe Bryant,0
15.3,11.7,0.658,0.6,2.5,0.172,1469.0,13.6,-0.8000000000000007,-1.799999999999999,0.030999999999999917,0.03700000000000003,0.20000000000000018,-0.034999999999999976,790.0,0.3000000000000007,-1.1000000000000014,1.6000000000000014,-0.014000000000000012,0.05300000000000005,-0.2999999999999998,-0.05399999999999999,939.0,-0.09999999999999964,-0.9000000000000004,0.40000000000000036,0.08999999999999997,0.09899999999999998,0.7999999999999998,-0.023999999999999994,949.0,1.200000000000001,8,21.3,0.32857142857142857,2,0.08999999999999997,-0.9000000000000004,0.09899999999999998,0.40000000000000036,-0.3000000000000001,0.02999999999999999,Kyle Korver,0
17.0,15.6,0.246,0.533,3.1,0.143,2585.0,15.9,2.6999999999999993,-0.09999999999999964,-0.046999999999999986,0.05599999999999994,0.6000000000000001,0.04100000000000001,54.0,3.4999999999999982,3.1000000000000014,-2.6999999999999993,0.07200000000000001,-0.11000000000000004,-6.2,-0.12899999999999998,-1558.0,-6.700000000000001,-3.6999999999999993,-3.1999999999999993,0.0,-0.10400000000000004,-1.9000000000000001,-0.061999999999999986,-969.0,-5.0,6,20.8,2.68,4,0.0,-3.6999999999999993,-0.10400000000000004,-3.1999999999999993,-1.2333333333333332,0.0,Lamar Odom,0
20.6,12.6,0.346,0.515,-1.1,0.07,1479.0,13.4,0.29999999999999716,6.299999999999999,0.014000000000000012,-0.04300000000000004,-1.1,-0.04000000000000001,-364.0,-1.4000000000000004,,,,,,,,,,,,,,,,,5,26.6,0.29999999999999993,3,,,,,,,Larry Hughes,0
15.1,4.9,0.005,0.496,-1.3,0.106,1689.0,12.2,-4.6,1.1999999999999993,-0.005,-0.056999999999999995,-1.7,-0.073,-654.0,-5.6,,,,,,,,,,,,,,,,,2,17.9,-0.6,5,,,,,,,Lorenzen Wright,0
25.7,13.7,0.003,0.538,-0.2,0.11,2412.0,18.4,-0.8999999999999986,-1.6999999999999993,0.0,-0.01200000000000001,-1.2,-0.03,-345.0,-2.9999999999999982,-2.3999999999999986,0.8000000000000007,0.014000000000000002,-0.02200000000000002,0.1,-0.013999999999999999,-228.0,-1.6999999999999993,-1.8999999999999986,-3.299999999999999,0.009999999999999998,-0.03300000000000003,-3.5999999999999996,-0.025999999999999995,-1013.0,-4.999999999999998,4,22.7,0.4666666666666666,4,0.009999999999999998,-1.8999999999999986,-0.03300000000000003,-3.299999999999999,-0.6333333333333329,0.0033333333333333327,Luis Scola,0
17.8,24.0,0.276,0.53,0.3,0.09,1750.0,13.6,0.5,-3.0,-0.015000000000000013,0.0020000000000000018,-0.7,-0.0059999999999999915,724.0,-0.5999999999999996,-1.6999999999999993,0.3000000000000007,0.05399999999999999,-0.07800000000000001,-5.3999999999999995,-0.08499999999999999,-609.0,-4.6,-3.0,-3.0,0.08199999999999996,-0.02300000000000002,-4.3,-0.047999999999999994,-1067.0,-3.5999999999999996,8,22.0,-0.7999999999999999,2,0.08199999999999996,-3.0,-0.02300000000000002,-3.0,-1.0,0.02733333333333332,Luke Ridnour,0
15.4,9.5,0.006,0.435,-4.6,0.024,579.0,7.3,,,,,,,,,,,,,,,,,,,,,,,,,5,20.5,-3.8249999999999997,4,,,,,,,Malik Allen,0
19.6,6.6,0.023,0.511,-2.3,0.085,1475.0,12.2,-2.5,3.0999999999999996,-0.019,-0.044999999999999984,-0.40000000000000036,-0.064,-356.0,-2.0,-4.300000000000001,6.1,0.019999999999999997,-0.05099999999999999,-1.3000000000000003,-0.078,-665.0,-4.499999999999999,,,,,,,,,1,,,4,,,,,,,Malik Rose,0
28.7,26.4,0.395,0.612,8.1,0.232,2299.0,24.3,-1.5,-3.299999999999997,0.030999999999999972,-0.018000000000000016,-2.0999999999999996,-0.028999999999999998,-1118.0,-1.4000000000000021,-2.8999999999999986,1.8000000000000007,-0.007000000000000006,-0.028000000000000025,-1.7999999999999998,-0.016000000000000014,-149.0,-1.8000000000000007,-2.6999999999999993,0.0,0.03799999999999998,-0.031000000000000028,-2.8,-0.037000000000000005,127.0,-2.6000000000000014,4,27.1,6.733333333333333,2,0.03799999999999998,-2.6999999999999993,-0.031000000000000028,0.0,-0.8999999999999998,0.01266666666666666,Manu Ginobili,2
22.7,7.2,0.003,0.548,-3.1,0.111,1976.0,15.9,-1.1999999999999993,0.7000000000000002,0.002,-0.03600000000000003,-1.3000000000000003,-0.054,-949.0,-3.4000000000000004,-0.5,2.3999999999999995,0.0,-0.07700000000000007,-1.4999999999999996,-0.078,-951.0,-4.0,,,,,,,,,1,,,5,,,,,,,Marc Jackson,0
17.2,12.0,0.007,0.505,3.4,0.138,2015.0,18.0,2.3000000000000007,-1.8000000000000007,0.010000000000000002,-0.006000000000000005,0.3999999999999999,0.002999999999999975,-158.0,1.8999999999999986,-1.299999999999999,2.0999999999999996,-0.004,0.014000000000000012,1.9,0.016999999999999987,354.0,1.1000000000000014,-4.199999999999999,0.9000000000000004,0.024,-0.007000000000000006,1.4,0.009999999999999981,743.0,-0.8000000000000007,1,,,5,0.024,-4.199999999999999,-0.007000000000000006,0.9000000000000004,-1.3999999999999997,0.008,Marcus Camby,2
21.4,7.8,0.0,0.549,-3.6,0.037,2240.0,12.1,-1.5999999999999979,-3.3,0.037,-0.0030000000000000027,0.3999999999999999,0.015,304.0,0.5999999999999996,-1.5999999999999979,-3.0,0.085,-0.04400000000000004,-1.8000000000000003,-0.015999999999999997,-698.0,-0.6999999999999993,,,,,,,,,2,17.9,-1.2,5,,,,,,,Mark Blount,0
7.9,2.4,0.106,0.427,-3.4,0.043,676.0,5.3,,,,,,,,,,,,,,,,,,,,,,,,,2,8.3,-1.6,5,,,,,,,Mark Madsen,0
16.4,19.0,0.193,0.417,-4.5,-0.03,605.0,7.3,,,,,,,,,,,,,,,,,,,,,,,,,5,17.0,-0.275,2,,,,,,,Marko Jaric,0
15.1,10.6,0.091,0.527,0.3,0.103,938.0,11.7,,,,,,,,,1.799999999999999,-1.5999999999999996,0.11399999999999999,-0.09500000000000003,-3.5999999999999996,-0.07999999999999999,147.0,-2.5,,,,,,,,,7,21.5,-1.3833333333333335,3,,,,,,,Marquis Daniels,0
16.6,10.5,0.384,0.569,1.8,0.142,1020.0,14.6,-0.20000000000000284,3.3000000000000007,-0.027000000000000024,-0.014999999999999902,0.8,0.0,420.0,0.9000000000000004,1.5,-1.3000000000000007,0.09699999999999998,-0.0030000000000000027,1.5999999999999999,0.0040000000000000036,1038.0,0.9000000000000004,0.0,0.09999999999999964,0.15300000000000002,-0.016999999999999904,-0.30000000000000004,-0.044999999999999984,715.0,-2.5999999999999996,7,18.5,-0.23333333333333325,3,0.15300000000000002,0.0,-0.016999999999999904,0.09999999999999964,0.0,0.05100000000000001,Matt Barnes,1
13.4,6.2,0.62,0.617,2.0,0.147,1432.0,13.5,-0.5999999999999996,0.2999999999999998,0.09399999999999997,-0.020000000000000018,0.0,-0.0040000000000000036,-106.0,-0.3000000000000007,-0.5999999999999996,-0.40000000000000036,-0.09799999999999998,-0.008000000000000007,-1.5,-0.013999999999999985,-523.0,-1.6999999999999993,-1.3000000000000007,-0.10000000000000053,-0.02200000000000002,-0.03500000000000003,-1.7,-0.023999999999999994,-742.0,-2.3000000000000007,7,20.3,0.75,4,-0.02200000000000002,-1.3000000000000007,-0.03500000000000003,-0.10000000000000053,-0.43333333333333357,-0.00733333333333334,Matt Bonner,0
19.8,6.9,0.231,0.53,-4.3,0.062,582.0,12.2,-4.5,3.6999999999999993,0.04300000000000001,-0.12100000000000005,-3.0,-0.11299999999999999,14.0,-6.6,,,,,,,,,,,,,,,,,5,20.8,-2.6,2,,,,,,,Matt Carroll,0
20.8,8.2,0.059,0.564,-0.8,0.115,1965.0,14.7,0.6999999999999993,0.8000000000000007,-0.03799999999999999,-0.0129999999999999,-0.7,-0.019000000000000003,-591.0,-0.5999999999999996,-1.3000000000000007,-1.799999999999999,-0.051,-0.05599999999999994,-2.2,-0.029000000000000012,-1272.0,-2.3999999999999986,,,,,,,,,3,22.0,0.04999999999999999,3,,,,,,,Matt Harpring,0
14.2,4.6,0.515,0.558,-0.5,0.099,1840.0,11.1,1.200000000000001,0.9000000000000004,-0.08500000000000002,-0.019000000000000017,-0.19999999999999996,0.015,-523.0,1.0999999999999996,0.0,-0.09999999999999964,-0.121,-0.04500000000000004,-2.4,-0.045000000000000005,-291.0,-2.0,,,,,,,,,5,17.3,-0.9000000000000001,3,,,,,,,Maurice Evans,0
21.0,8.5,0.275,0.561,0.8,0.126,2149.0,15.6,,,,,,,,,,,,,,,,,,,,,,,,,6,23.5,1.8199999999999998,5,,,,,,,Mehmet Okur,0
16.2,13.3,0.4,0.514,1.5,0.098,2605.0,12.1,-0.8999999999999986,-2.6000000000000014,-0.04600000000000004,-0.029000000000000026,-0.3999999999999999,-0.010000000000000009,-195.0,-0.9000000000000004,-0.5999999999999996,-0.8000000000000007,0.006000000000000005,-0.03600000000000003,-1.0,-0.02500000000000001,-885.0,-1.0999999999999996,1.3000000000000007,-6.4,0.09999999999999998,0.0030000000000000027,-0.10000000000000009,-0.01200000000000001,-75.0,0.40000000000000036,5,25.5,2.475,3,0.09999999999999998,1.3000000000000007,0.0030000000000000027,-6.4,0.43333333333333357,0.033333333333333326,Metta World,0
16.2,4.1,0.0,0.456,-5.2,0.014,919.0,8.3,,,,,,,,,,,,,,,,,,,,,,,,,2,17.2,-4.0,5,,,,,,,Michael Olowokandi,0
20.6,24.2,0.426,0.544,1.7,0.121,2740.0,16.3,-4.5,-3.3999999999999986,0.07700000000000001,-0.006000000000000005,-1.9,-0.017,-545.0,-3.6000000000000014,-6.000000000000002,-6.300000000000001,0.178,0.025999999999999912,-2.3,-0.03599999999999999,-455.0,-5.4,-8.700000000000001,-3.0,0.25900000000000006,-0.14,-4.2,-0.06,-2183.0,-8.5,5,25.4,0.6,1,0.25900000000000006,-8.700000000000001,-0.14,-3.0,-2.9000000000000004,0.08633333333333336,Mike Bibby,0
16.9,10.1,0.488,0.593,1.3,0.129,1683.0,14.6,2.1000000000000014,2.9000000000000004,-0.07500000000000001,0.0040000000000000036,-0.30000000000000004,0.016999999999999987,-238.0,2.0000000000000018,0.40000000000000213,1.4000000000000004,-0.009000000000000008,-0.016000000000000014,-1.4000000000000001,-0.020000000000000004,260.0,-1.0,0.10000000000000142,2.200000000000001,-0.069,-0.04399999999999993,-0.6000000000000001,-0.008000000000000007,901.0,-2.0,6,21.8,0.08000000000000007,2,-0.069,0.10000000000000142,-0.04399999999999993,2.200000000000001,0.033333333333333805,-0.023000000000000003,Mike Dunleavy,1
25.0,28.2,0.311,0.583,1.9,0.125,2925.0,19.8,-4.5,-4.5,-0.0050000000000000044,-0.05499999999999994,-4.199999999999999,-0.06,-856.0,-6.5,-2.8999999999999986,-14.799999999999999,0.02300000000000002,-0.14599999999999996,-6.699999999999999,-0.10200000000000001,-2205.0,-11.200000000000001,-7.199999999999999,-9.099999999999998,0.046999999999999986,-0.09999999999999998,-5.9,-0.129,-1276.0,-10.100000000000001,2,22.8,1.3,1,0.046999999999999986,-7.199999999999999,-0.09999999999999998,-9.099999999999998,-2.4,0.015666666666666662,Mike James,0
14.4,9.1,0.584,0.525,-0.6,0.09,838.0,9.7,0.5,-0.40000000000000036,-0.02399999999999991,0.03600000000000003,0.0,0.023000000000000007,-86.0,1.700000000000001,0.0,7.1,0.17400000000000004,0.07099999999999995,1.2,0.047000000000000014,62.0,3.8000000000000007,0.29999999999999893,2.4000000000000004,-0.05799999999999994,0.09399999999999997,0.7,0.021000000000000005,869.0,2.8000000000000007,7,21.3,2.0833333333333335,2,-0.05799999999999994,0.29999999999999893,0.09399999999999997,2.4000000000000004,0.09999999999999964,-0.019333333333333313,Mike Miller,0
14.7,6.8,0.016,0.509,-4.8,0.006,583.0,8.6,1.5,-0.7000000000000002,-0.014,0.128,4.8999999999999995,0.125,1499.0,6.200000000000001,-2.0,-1.3999999999999995,-0.012,0.10399999999999998,4.0,0.086,1802.0,2.9000000000000004,-4.1,-0.20000000000000018,-0.016,0.08399999999999996,2.5999999999999996,0.077,619.0,0.3000000000000007,2,16.1,-1.5,5,-0.016,-4.1,0.08399999999999996,-0.20000000000000018,-1.3666666666666665,-0.005333333333333333,Mikki Moore,0
15.4,5.5,0.556,0.549,-0.1,0.101,1796.0,11.2,3.9000000000000004,-0.2999999999999998,-0.09200000000000003,-0.050000000000000044,-4.2,-0.043000000000000003,-1281.0,-0.5,1.0999999999999996,0.7000000000000002,0.0119999999999999,-0.04600000000000004,-2.6999999999999997,-0.062000000000000006,-823.0,-1.8999999999999986,,,,,,,,,4,19.9,0.43333333333333335,2,,,,,,,Morris Peterson,0
19.5,7.6,0.002,0.533,-0.9,0.098,1650.0,15.8,,,,,,,,,1.8000000000000007,-2.1999999999999993,-0.002,0.04499999999999993,0.20000000000000007,0.07599999999999998,-666.0,3.8000000000000007,1.1000000000000014,-4.3,0.0,0.0050000000000000044,-2.4,0.0020000000000000018,-370.0,0.09999999999999964,4,19.2,-1.4000000000000001,5,0.0,1.1000000000000014,0.0050000000000000044,-4.3,0.36666666666666714,0.0,Nazr Mohammed,1
9.8,6.7,0.0,0.6,1.0,0.113,1524.0,10.8,0.1999999999999993,2.6000000000000005,0.005,0.02200000000000002,1.2000000000000002,0.017,-217.0,1.299999999999999,1.6999999999999993,4.6000000000000005,0.014,0.02400000000000002,1.4,0.045,59.0,2.799999999999999,1.799999999999999,4.2,0.071,-0.0010000000000000009,-0.4,0.015,-171.0,1.0,7,16.2,0.033333333333333326,5,0.071,1.799999999999999,-0.0010000000000000009,4.2,0.5999999999999996,0.023666666666666666,Nick Collison,0
21.8,15.1,0.003,0.589,5.3,0.232,3037.0,23.3,0.3000000000000007,2.0999999999999996,0.026000000000000002,-0.041999999999999926,-1.5999999999999996,-0.067,-607.0,-2.900000000000002,-1.3000000000000007,4.799999999999999,0.045,-0.07699999999999996,-3.8,-0.125,-1382.0,-6.600000000000001,4.599999999999998,3.5999999999999996,0.013000000000000001,-0.06699999999999995,-4.7,-0.15600000000000003,-1153.0,-4.0,7,26.4,4.3999999999999995,5,0.013000000000000001,4.599999999999998,-0.06699999999999995,3.5999999999999996,1.5333333333333325,0.004333333333333334,Pau Gasol,1
24.8,21.8,0.332,0.599,4.7,0.207,2874.0,19.6,0.5999999999999979,-5.5,-0.07500000000000001,-0.017000000000000015,-2.2,-0.04299999999999998,161.0,-1.9000000000000021,-1.0,-6.700000000000001,-0.029000000000000026,0.014000000000000012,-2.0,-0.04199999999999998,-463.0,-1.4000000000000021,-0.8000000000000007,-5.699999999999999,-0.041000000000000036,0.02100000000000002,0.0,-0.005999999999999978,-100.0,0.09999999999999787,4,31.2,4.0,3,-0.041000000000000036,-0.8000000000000007,0.02100000000000002,-5.699999999999999,-0.2666666666666669,-0.01366666666666668,Paul Pierce,2
19.7,5.6,0.511,0.581,1.8,0.144,2711.0,15.7,-0.8999999999999986,0.40000000000000036,0.02300000000000002,-0.04999999999999993,-2.4,-0.056999999999999995,-622.0,-3.1999999999999993,-1.0999999999999979,1.6000000000000005,0.0010000000000000009,-0.04799999999999993,-2.8,-0.07699999999999999,-764.0,-3.299999999999999,-0.3000000000000007,2.1000000000000005,0.08799999999999997,0.007000000000000006,-1.2000000000000002,-0.017999999999999988,-2094.0,-0.5,3,22.0,1.25,3,0.08799999999999997,-0.3000000000000007,0.007000000000000006,2.1000000000000005,-0.10000000000000024,0.029333333333333322,Peja Stojakovic,0
14.9,6.1,0.573,0.454,-1.6,0.067,955.0,8.1,-1.9000000000000004,0.9000000000000004,0.041000000000000036,0.056999999999999995,0.40000000000000013,0.0030000000000000027,-89.0,0.5999999999999996,,,,,,,,,,,,,,,,,7,18.9,-0.16666666666666674,3,,,,,,,Quentin Richardson,0
19.4,24.1,0.519,0.496,1.3,0.104,3040.0,12.9,1.3000000000000007,1.0999999999999979,-0.07900000000000001,-0.0040000000000000036,-0.30000000000000004,-0.008999999999999994,-514.0,0.29999999999999893,0.5,2.8999999999999986,-0.11499999999999999,-0.0020000000000000018,-0.30000000000000004,0.0,-593.0,0.9000000000000004,-0.5999999999999979,-3.900000000000002,-0.14200000000000002,-0.05299999999999999,-5.0,-0.11699999999999999,-1619.0,-4.700000000000001,3,21.2,1.15,1,-0.14200000000000002,-0.5999999999999979,-0.05299999999999999,-3.900000000000002,-0.1999999999999993,-0.04733333333333334,Rafer Alston,0
17.0,9.5,0.522,0.562,1.8,0.095,2917.0,12.0,-2.5,-0.9000000000000004,0.06099999999999994,-0.0010000000000000009,-0.5,-0.012999999999999998,-271.0,-1.5,-0.6999999999999993,0.5999999999999996,-0.126,-0.014000000000000012,-2.2,-0.021000000000000005,-602.0,-1.3000000000000007,,,,,,,,,3,20.9,-0.15000000000000002,2,,,,,,,Raja Bell,0
19.4,7.4,0.525,0.573,2.7,0.132,2369.0,14.0,-1.7999999999999972,0.6999999999999993,-0.10600000000000004,-0.03799999999999992,-2.5,-0.053000000000000005,-545.0,-2.0,-2.8999999999999986,-1.7000000000000002,-0.22200000000000003,-0.11599999999999994,-5.7,-0.114,-1640.0,-4.699999999999999,-1.1999999999999993,-1.7000000000000002,0.0010000000000000009,-0.04299999999999993,-5.9,-0.06100000000000001,-1577.0,-2.9000000000000004,6,24.4,3.3600000000000003,4,0.0010000000000000009,-1.1999999999999993,-0.04299999999999993,-1.7000000000000002,-0.39999999999999974,0.00033333333333333365,Rashard Lewis,0
22.3,9.8,0.222,0.499,1.4,0.127,2687.0,16.4,-1.1999999999999993,1.3999999999999986,0.18499999999999997,0.028000000000000025,2.1,0.026999999999999996,93.0,1.2000000000000028,-2.6999999999999993,-0.9000000000000004,0.12899999999999998,0.014000000000000012,0.8999999999999999,-0.0040000000000000036,-268.0,-0.6999999999999993,-1.8000000000000007,-0.10000000000000142,0.13999999999999999,0.02400000000000002,2.6,0.027999999999999997,-341.0,0.8000000000000007,1,,,4,0.13999999999999999,-1.8000000000000007,0.02400000000000002,-0.10000000000000142,-0.6000000000000002,0.04666666666666666,Rasheed Wallace,0
13.8,7.0,0.002,0.558,1.2,0.118,1676.0,13.9,3.599999999999998,1.9000000000000004,0.004,0.006999999999999895,-0.09999999999999987,0.007000000000000006,-190.0,2.200000000000001,4.699999999999999,7.300000000000001,0.0,-0.03400000000000003,-2.0,-0.032,-462.0,0.1999999999999993,,,,,,,,,3,13.5,0.6499999999999999,5,,,,,,,Rasho Nesterovic,0
17.0,6.8,0.497,0.524,-1.6,0.048,2702.0,10.7,-1.1999999999999993,-1.5,0.07699999999999996,-0.07800000000000001,-3.6999999999999997,-0.057,-1932.0,-4.499999999999999,,,,,,,,,,,,,,,,,6,18.6,-2.04,3,,,,,,,Rasual Butler,0
27.4,17.2,0.435,0.59,3.6,0.15,3022.0,22.2,2.1000000000000014,1.8000000000000007,-0.05099999999999999,-0.026000000000000023,-0.20000000000000018,-0.013999999999999985,-803.0,-0.5999999999999979,-5.799999999999997,-2.5999999999999996,0.02300000000000002,-0.006000000000000005,-0.5,0.026999999999999996,-398.0,-5.800000000000001,-6.599999999999998,-4.6,0.03200000000000003,0.03400000000000003,0.2999999999999998,0.036000000000000004,-146.0,-4.899999999999999,2,28.0,3.7,2,0.03200000000000003,-6.599999999999998,0.03400000000000003,-4.6,-2.1999999999999993,0.010666666666666677,Ray Allen,2
10.1,6.4,0.01,0.466,-0.4,0.077,798.0,12.4,-1.299999999999999,-3.3000000000000003,-0.01,0.03799999999999998,-1.8000000000000003,0.0020000000000000018,-27.0,-3.200000000000001,0.9000000000000004,-3.2,-0.01,0.03999999999999998,-1.4,0.027999999999999997,1169.0,0.40000000000000036,3.3000000000000007,-2.9000000000000004,-0.01,0.04999999999999999,-3.2,0.0030000000000000027,101.0,-0.7000000000000011,6,14.8,-1.98,4,-0.01,3.3000000000000007,0.04999999999999999,-2.9000000000000004,1.1000000000000003,-0.0033333333333333335,Reggie Evans,0
27.0,23.9,0.182,0.529,-0.1,0.095,2279.0,16.9,0.8999999999999986,-0.3999999999999986,0.010000000000000009,-0.02400000000000002,-2.4,-0.052000000000000005,-727.0,-1.9999999999999982,-1.0,-4.099999999999998,0.033,-0.009000000000000008,-2.4,-0.036000000000000004,-781.0,-1.0999999999999979,-2.5,-2.8999999999999986,-0.034,-0.029000000000000026,-2.0,-0.0030000000000000027,-1582.0,-3.6999999999999993,5,27.4,1.05,2,-0.034,-2.5,-0.029000000000000026,-2.8999999999999986,-0.8333333333333334,-0.011333333333333334,Richard Hamilton,0
15.4,6.5,0.478,0.612,1.2,0.115,2459.0,12.4,-0.3000000000000007,0.7999999999999998,0.07300000000000006,-0.061999999999999944,-1.0999999999999999,-0.03,-711.0,-1.3000000000000007,-1.0,1.5,-0.14699999999999996,-0.05999999999999994,-4.1,-0.034,-1891.0,-2.0999999999999996,1.4999999999999982,3.0999999999999996,-0.01799999999999996,-0.039000000000000035,-2.5999999999999996,-0.057,-246.0,-0.5999999999999996,7,28.2,0.23333333333333336,3,-0.01799999999999996,1.4999999999999982,-0.039000000000000035,3.0999999999999996,0.4999999999999994,-0.005999999999999987,Richard Jefferson,1
23.6,14.0,0.324,0.485,-3.0,0.051,1673.0,11.7,,,,,,,,,,,,,,,,,,,,,,,,,6,25.3,-3.2,2,,,,,,,Ronald Murray,0
24.1,12.7,0.02,0.547,-1.0,0.055,1792.0,16.4,-1.9000000000000021,2.8000000000000007,0.0019999999999999983,0.030999999999999917,2.5,0.047999999999999994,716.0,2.1000000000000014,,,,,,,,,,,,,,,,,2,20.4,0.6,3,,,,,,,Ruben Patterson,0
10.5,5.9,0.177,0.338,-4.4,0.012,652.0,4.0,,,,,,,,,-1.5,-0.7000000000000002,-0.16699999999999998,0.16699999999999998,5.6000000000000005,0.095,8.0,5.9,,,,,,,,,2,9.9,-2.1,3,,,,,,,Ryan Bowen,0
16.6,3.6,0.003,0.551,0.3,0.137,1446.0,16.9,2.099999999999998,0.8999999999999999,0.001,0.013999999999999901,-1.5,0.0,-681.0,1.7000000000000028,-1.8000000000000007,-0.20000000000000018,0.0,0.05399999999999994,0.3,0.009999999999999981,168.0,-0.09999999999999787,-1.6000000000000014,5.0,-0.003,-0.09000000000000002,-2.5,-0.11400000000000002,-902.0,-5.099999999999998,8,17.1,-1.042857142857143,5,-0.003,-1.6000000000000014,-0.09000000000000002,5.0,-0.5333333333333338,-0.001,Samuel Dalembert,0
20.6,28.3,0.404,0.531,-4.5,0.056,973.0,12.4,,,,,,,,,,,,,,,,,,,,,,,,,2,18.0,-0.6,2,,,,,,,Sarunas Jasikevicius,0
11.9,5.1,0.0,0.495,0.8,0.134,771.0,12.3,,,,,,,,,,,,,,,,,,,,,,,,,2,12.2,-0.8,5,,,,,,,Scot Pollard,0
9.9,10.0,0.669,0.568,3.4,0.123,2031.0,10.7,1.5,0.9000000000000004,-0.04500000000000004,-0.026999999999999913,-1.2999999999999998,-0.027999999999999997,137.0,0.40000000000000036,1.799999999999999,1.0999999999999996,-0.14400000000000002,-0.0010000000000000009,-0.8999999999999999,-0.020000000000000004,344.0,1.6000000000000014,0.7999999999999989,-2.0,-0.04200000000000004,-0.06399999999999995,-1.7,-0.019000000000000003,-532.0,-1.0,5,14.8,3.7,2,-0.04200000000000004,0.7999999999999989,-0.06399999999999995,-2.0,0.26666666666666633,-0.014000000000000012,Shane Battier,0
19.5,9.2,0.031,0.524,-2.1,0.067,2015.0,13.1,,,,,,,,,,,,,,,,,,,,,,,,,3,22.1,0.8500000000000001,5,,,,,,,Shareef Abdur-Rahim,0
18.1,9.3,0.067,0.522,1.1,0.101,2470.0,16.0,0.0,-2.1000000000000005,-0.043000000000000003,0.013000000000000012,-0.7000000000000001,-0.0010000000000000009,-85.0,-1.3000000000000007,3.3999999999999986,-1.0,-0.027000000000000003,0.029000000000000026,0.09999999999999987,0.01899999999999999,-217.0,1.0,0.8999999999999986,2.1999999999999993,0.03799999999999999,-0.03400000000000003,0.0,-0.009000000000000008,-551.0,-1.0,5,22.3,5.05,3,0.03799999999999999,0.8999999999999986,-0.03400000000000003,2.1999999999999993,0.29999999999999954,0.012666666666666665,Shawn Marion,1
25.2,25.6,0.306,0.53,0.2,0.045,2339.0,16.1,2.3000000000000007,-7.900000000000002,-0.02899999999999997,-0.01200000000000001,0.6000000000000001,0.032,790.0,-0.5000000000000018,2.1999999999999993,-7.200000000000003,0.03300000000000003,-0.010000000000000009,-0.4,-0.005999999999999998,66.0,-1.5000000000000018,-3.8999999999999986,-11.000000000000002,0.09400000000000003,-0.04500000000000004,-1.8,-0.019999999999999997,-1127.0,-5.400000000000002,5,27.7,0.02500000000000003,3,0.09400000000000003,-3.8999999999999986,-0.04500000000000004,-11.000000000000002,-1.2999999999999996,0.031333333333333345,Stephen Jackson,0
20.3,23.1,0.279,0.527,-1.7,0.066,805.0,13.8,,,,,,,,,,,,,,,,,,,,,,,,,4,24.8,1.0666666666666667,1,,,,,,,Stephon Marbury,0
11.3,15.0,0.631,0.5,-2.3,0.055,1581.0,7.5,1.6999999999999993,6.0,-0.041000000000000036,-0.007000000000000006,-0.6000000000000001,-0.015,-344.0,1.0,1.8999999999999986,6.899999999999999,0.0020000000000000018,0.07299999999999995,2.3,0.042,-406.0,4.199999999999999,2.5,13.8,-0.03600000000000003,0.008000000000000007,0.6999999999999997,0.0030000000000000027,-83.0,3.5,7,17.0,-1.7500000000000002,1,-0.03600000000000003,2.5,0.008000000000000007,13.8,0.8333333333333334,-0.01200000000000001,Steve Blake,0
20.5,49.2,0.254,0.606,1.7,0.203,2573.0,22.0,2.8000000000000007,-4.800000000000004,0.07,0.026000000000000023,2.0,0.00899999999999998,223.0,1.3000000000000007,2.3999999999999986,0.8999999999999986,0.09899999999999998,0.04800000000000004,2.0999999999999996,0.021999999999999992,109.0,1.8000000000000007,1.5,-1.9000000000000057,0.14200000000000002,0.03500000000000003,-0.09999999999999987,-0.02200000000000002,207.0,-0.8999999999999986,1,,,1,0.14200000000000002,1.5,0.03500000000000003,-1.9000000000000057,0.5,0.04733333333333334,Steve Nash,2
21.0,14.4,0.098,0.511,-1.7,0.062,2562.0,15.1,-0.6000000000000014,-1.200000000000001,0.032,-0.041000000000000036,-0.5000000000000002,-0.013999999999999999,-475.0,-2.299999999999999,-4.199999999999999,-2.3000000000000007,0.017,-0.025000000000000022,0.09999999999999987,0.0030000000000000027,69.0,-3.5999999999999996,-7.699999999999999,-5.5,0.04200000000000001,-0.07300000000000001,-0.9000000000000001,-0.024,-614.0,-6.9,7,19.9,1.3166666666666667,3,0.04200000000000001,-7.699999999999999,-0.07300000000000001,-5.5,-2.5666666666666664,0.014000000000000004,Tayshaun Prince,0
27.9,18.8,0.008,0.579,7.1,0.23,2726.0,26.1,0.3000000000000007,-3.1000000000000014,-0.005,-0.03299999999999992,-2.3999999999999995,-0.028999999999999998,-75.0,-1.7000000000000028,0.6000000000000014,0.5,-0.006,-0.029999999999999916,-2.5,-0.03900000000000001,-202.0,-1.7000000000000028,-1.8999999999999986,-1.0,0.002,-0.018999999999999906,-1.5,-0.015000000000000013,-288.0,-1.4000000000000021,3,28.9,5.5,5,0.002,-1.8999999999999986,-0.018999999999999906,-1.0,-0.6333333333333329,0.0006666666666666666,Tim Duncan,2
20.7,15.7,0.384,0.505,-0.6,0.042,1940.0,12.2,-0.8000000000000007,-7.1,0.04799999999999999,0.050000000000000044,-1.9,0.023,-693.0,0.0,,,,,,,,,,,,,,,,,4,21.3,-1.6000000000000003,4,,,,,,,Tim Thomas,0
18.4,8.3,0.058,0.541,2.5,0.131,1525.0,15.7,-0.5999999999999979,-0.7000000000000011,-0.020000000000000004,-0.052000000000000046,-1.2,-0.016,584.0,-2.5,1.7000000000000028,3.3999999999999986,0.056,-0.010000000000000009,-0.20000000000000018,-0.031,-247.0,-0.09999999999999964,-1.7999999999999972,-0.20000000000000107,0.005999999999999998,-0.013000000000000012,0.7999999999999998,-0.01200000000000001,123.0,-1.0999999999999996,8,22.1,0.3285714285714287,2,0.005999999999999998,-1.7999999999999972,-0.013000000000000012,-0.20000000000000107,-0.5999999999999991,0.0019999999999999996,Tony Allen,0
13.4,3.6,0.003,0.513,-2.3,0.081,1575.0,9.8,,,,,,,,,2.1999999999999993,0.6000000000000001,0.025,0.0050000000000000044,0.09999999999999964,0.032,-373.0,2.0999999999999996,,,,,,,,,3,14.9,-2.1,4,,,,,,,Tony Battie,0
20.6,22.6,0.272,0.466,-3.3,0.018,673.0,12.2,-2.0,1.0,-0.101,0.03699999999999998,3.0,0.043,1013.0,2.700000000000001,-2.6000000000000014,-1.8000000000000007,-0.12900000000000003,0.043999999999999984,1.5999999999999999,0.076,164.0,1.4000000000000004,,,,,,,,,6,35.0,4.319999999999999,2,,,,,,,Tracy McGrady,0
12.3,7.2,0.023,0.465,-5.2,-0.003,1106.0,6.5,,,,,,,,,,,,,,,,,,,,,,,,,6,15.4,-2.7199999999999998,3,,,,,,,Trenton Hassell,0
20.9,21.4,0.41,0.483,-4.7,0.005,554.0,10.8,,,,,,,,,,,,,,,,,,,,,,,,,3,23.5,-4.3,1,,,,,,,Troy Hudson,0
18.2,16.8,0.34,0.543,-3.8,0.08,736.0,11.9,-1.3999999999999986,1.8000000000000007,0.04299999999999998,-0.006000000000000005,0.3999999999999999,-0.0020000000000000018,-215.0,-1.5999999999999996,,,,,,,,,,,,,,,,,4,21.0,-2.9333333333333336,1,,,,,,,Tyronn Lue,0
30.8,25.1,0.273,0.559,4.1,0.161,3126.0,21.8,-5.199999999999999,0.09999999999999787,-0.061000000000000026,-0.009000000000000008,-1.0999999999999996,-0.035,-167.0,-3.0,-4.0,-1.4000000000000021,0.01799999999999996,-0.014000000000000012,-1.5999999999999996,-0.038000000000000006,-180.0,-2.5,-5.600000000000001,-7.300000000000001,0.045999999999999985,-0.018000000000000016,-2.3999999999999995,-0.007000000000000006,-816.0,-4.699999999999999,3,32.3,4.85,2,0.045999999999999985,-5.600000000000001,-0.018000000000000016,-7.300000000000001,-1.8666666666666671,0.015333333333333329,Vince Carter,1
14.7,9.6,0.544,0.562,0.0,0.086,1169.0,12.6,0.5,1.3000000000000007,0.14100000000000001,-0.038000000000000034,0.3,0.017,-414.0,-0.9000000000000004,,,,,,,,,,,,,,,,,7,19.3,-0.8999999999999999,4,,,,,,,Vladimir Radmanovic,0
22.1,10.1,0.302,0.539,-2.6,0.079,1736.0,13.9,-6.700000000000001,-1.799999999999999,0.12,0.041999999999999926,2.4,0.06100000000000001,-209.0,-1.8000000000000007,,,,,,,,,,,,,,,,,4,25.0,-0.30000000000000004,3,,,,,,,Wally Szczerbiak,0
13.9,6.0,0.66,0.525,-1.8,0.058,906.0,8.2,,,,,,,,,,,,,,,,,,,,,,,,,1,,,4,,,,,,,Walter McCarty,0
20.2,30.0,0.351,0.506,-4.0,0.033,712.0,12.5,,,,,,,,,,,,,,,,,,,,,,,,,1,,,1,,,,,,,Will Solomon,0
19.5,7.4,0.348,0.578,-1.7,0.122,922.0,13.9,-2.8999999999999986,-0.3000000000000007,0.08200000000000002,-0.015999999999999903,0.19999999999999996,-0.019000000000000003,266.0,-2.0999999999999996,-3.1999999999999993,0.9000000000000004,0.09800000000000003,-0.10099999999999998,-1.7,-0.094,-53.0,-6.800000000000001,-1.8999999999999986,3.5,0.04700000000000004,-0.10099999999999998,-3.2,-0.125,29.0,-6.0,7,25.7,-3.7833333333333337,2,0.04700000000000004,-1.8999999999999986,-0.10099999999999998,3.5,-0.6333333333333329,0.01566666666666668,Willie Green,0
22.4,11.2,0.028,0.5,0.1,0.135,735.0,17.9,0.7000000000000028,-3.8999999999999995,-0.006000000000000002,0.006000000000000005,0.1,0.009999999999999981,1872.0,0.0,3.700000000000003,1.5,-0.011,0.010000000000000009,0.30000000000000004,-0.022000000000000006,1970.0,0.40000000000000213,1.9000000000000021,0.20000000000000107,-0.006999999999999999,0.038000000000000034,1.4,0.013999999999999985,1569.0,1.6000000000000014,8,33.1,-0.6428571428571427,4,-0.006999999999999999,1.9000000000000021,0.038000000000000034,0.20000000000000107,0.6333333333333341,-0.002333333333333333,Zach Randolph,0
24.6,7.4,0.006,0.576,1.8,0.184,2283.0,21.9,-2.900000000000002,2.799999999999999,-0.005,-0.04899999999999993,0.19999999999999996,-0.036000000000000004,-153.0,-3.8999999999999986,-1.7000000000000028,1.0999999999999996,-0.005,-0.05399999999999994,-1.9000000000000001,-0.05299999999999999,-61.0,-3.1999999999999993,-0.8000000000000007,-1.0,0.048,-0.052999999999999936,-2.7,-0.033,-518.0,-3.8999999999999986,2,24.1,1.0,5,0.048,-0.8000000000000007,-0.052999999999999936,-1.0,-0.2666666666666669,0.016,Zydrunas Ilgauskas,0
